<?xml version="1.0" encoding="UTF-8"?>
<scene id="id269551" GSCVersion="0.11.0.13" PGFVersion="0.20"><layers><layer id="id112326"><actors><actor id="id858738" prototype="id317546"><attributes><point id="position"><real id="x">239.68359375</real><real id="y">159.2265625</real></point></attributes><aspects/><behaviors><behavior enabled="true" id="id859277" class="RuleBehavior"><attributes><text id="name">Rotate Left</text><text id="bundleName">Rule.behavior</text><real id="compoundConditionKind">0</real></attributes><conditions><condition id="id971878" pluginPredicateTypeIndex="0" eventType="key"><attributes><index id="conditionType">0</index></attributes><predicate type="key"><attributes><text id="mode">down</text><text id="keyString">a</text></attributes></predicate></condition></conditions><behaviors><behavior id="id175497" class="RotateBehavior" enabled="true"><attributes><text id="name">Rotate</text><text id="bundleName">Rotate.behavior</text><real id="angularVelocity">300</real><index id="direction">1</index><boolean id="haltWhenBehaviorStops">true</boolean></attributes></behavior></behaviors><elseBehaviors/></behavior><behavior enabled="true" id="id597373" class="RuleBehavior"><attributes><text id="name">Rotate Right</text><text id="bundleName">Rule.behavior</text><real id="compoundConditionKind">0</real></attributes><conditions><condition id="id971878" pluginPredicateTypeIndex="0" eventType="key"><attributes><index id="conditionType">0</index></attributes><predicate type="key"><attributes><text id="mode">down</text><text id="keyString">d</text></attributes></predicate></condition></conditions><behaviors><behavior id="id175497" class="RotateBehavior" enabled="true"><attributes><text id="name">Rotate</text><text id="bundleName">Rotate.behavior</text><real id="angularVelocity">300</real><index id="direction">0</index><boolean id="haltWhenBehaviorStops">true</boolean></attributes></behavior></behaviors><elseBehaviors/></behavior><behavior enabled="true" id="id282433" class="RuleBehavior"><attributes><text id="name">Move</text><text id="bundleName">Rule.behavior</text><real id="compoundConditionKind">0</real></attributes><conditions><condition id="id595340" pluginPredicateTypeIndex="0" eventType="key"><attributes><index id="conditionType">0</index></attributes><predicate type="key"><attributes><text id="mode">down</text><text id="keyString">w</text></attributes></predicate></condition></conditions><behaviors><behavior id="id136894" class="AccelerateBehavior" enabled="true"><attributes><text id="name">Accelerate</text><text id="bundleName">Accelerate.behavior</text><angle id="direction">90</angle><index id="space">0</index><real id="acceleration">450</real></attributes></behavior><behavior id="id244597" class="ChangeImageAction" enabled="true"><attributes><text id="name">Change Image</text><text id="bundleName">ChangeImage.behavior</text><image id="image">shipmove</image></attributes></behavior></behaviors><elseBehaviors><behavior id="id675532" class="ChangeImageAction" enabled="true"><attributes><text id="name">Change Image</text><text id="bundleName">ChangeImage.behavior</text><image id="image">ship</image></attributes></behavior></elseBehaviors></behavior><behavior enabled="true" id="id426680" class="RuleBehavior"><attributes><text id="name">Rule</text><text id="bundleName">Rule.behavior</text><real id="compoundConditionKind">0</real></attributes><conditions><condition id="id876049" pluginPredicateTypeIndex="0" eventType="overlaps or collides"><attributes><index id="conditionType">0</index></attributes><predicate type="collision"><attributes><text id="prototypeKey">id317546</text><text id="actorTag">Things that Break Ship</text><real id="mode">1</real></attributes></predicate></condition></conditions><behaviors><behavior id="id606491" class="DestroyAction" enabled="true"><attributes><text id="name">Destroy</text><text id="bundleName">Destroy.behavior</text></attributes></behavior><behavior id="id968679" class="SpawnAction" enabled="true"><attributes><text id="name">Spawn Actor</text><text id="bundleName">Spawn.behavior</text><text id="prototypeKey">id729335</text><angle id="direction">72</angle><index id="directionSpace">0</index><real id="x">5</real><real id="y">8</real><index id="positionSpace">0</index><index id="layerOrder">0</index></attributes></behavior><behavior id="id818667" class="SpawnAction" enabled="true"><attributes><text id="name">Spawn Actor</text><text id="bundleName">Spawn.behavior</text><text id="prototypeKey">id729335</text><angle id="direction">144</angle><index id="directionSpace">0</index><real id="x">-8</real><real id="y">5</real><index id="positionSpace">0</index><index id="layerOrder">0</index></attributes></behavior><behavior id="id110701" class="SpawnAction" enabled="true"><attributes><text id="name">Spawn Actor</text><text id="bundleName">Spawn.behavior</text><text id="prototypeKey">id729335</text><angle id="direction">216</angle><index id="directionSpace">0</index><real id="x">-8</real><real id="y">-5</real><index id="positionSpace">0</index><index id="layerOrder">0</index></attributes></behavior><behavior id="id221223" class="SpawnAction" enabled="true"><attributes><text id="name">Spawn Actor</text><text id="bundleName">Spawn.behavior</text><text id="prototypeKey">id729335</text><angle id="direction">288</angle><index id="directionSpace">0</index><real id="x">5</real><real id="y">-8</real><index id="positionSpace">0</index><index id="layerOrder">0</index></attributes></behavior><behavior id="id690121" class="SpawnAction" enabled="true"><attributes><text id="name">Spawn Actor</text><text id="bundleName">Spawn.behavior</text><text id="prototypeKey">id729335</text><angle id="direction">0</angle><index id="directionSpace">0</index><real id="x">9</real><real id="y">0</real><index id="positionSpace">0</index><index id="layerOrder">0</index></attributes></behavior></behaviors><elseBehaviors/></behavior><behavior enabled="true" id="id285712" class="RuleBehavior"><attributes><text id="name">Fire</text><text id="bundleName">Rule.behavior</text><real id="compoundConditionKind">0</real></attributes><conditions><condition id="id948912" pluginPredicateTypeIndex="0" eventType="key"><attributes><index id="conditionType">0</index></attributes><predicate type="key"><attributes><text id="mode">down</text><text id="keyString">space</text></attributes></predicate></condition></conditions><behaviors><behavior id="id250888" class="TimerBehavior" enabled="true"><attributes><text id="name">Timer</text><text id="bundleName">Timer.behavior</text><index id="timerType">0</index><real id="interval">0.1</real><boolean id="runToCompletion">false</boolean></attributes><behaviors><behavior id="id543354" class="PlaySoundAction" enabled="true"><attributes><text id="name">Play Sound</text><text id="bundleName">PlaySound.behavior</text><sound id="soundName">fire</sound><boolean id="loop">false</boolean><boolean id="runToCompletion">true</boolean><boolean id="positional">false</boolean><boolean id="dopplerShift">false</boolean><real id="volume">1</real><real id="pitch">3.1692395210266</real></attributes></behavior><behavior id="id184217" class="SpawnAction" enabled="true"><attributes><text id="name">Spawn Actor</text><text id="bundleName">Spawn.behavior</text><text id="prototypeKey">id929599</text><angle id="direction">90</angle><index id="directionSpace">0</index><real id="x">0</real><real id="y">12</real><index id="positionSpace">0</index><index id="layerOrder">0</index></attributes></behavior></behaviors></behavior></behaviors><elseBehaviors/></behavior><behavior id="id299145" class="TimerBehavior" enabled="true"><attributes><text id="name">Timer</text><text id="bundleName">Timer.behavior</text><index id="timerType">0</index><real id="interval">5</real><boolean id="runToCompletion">false</boolean></attributes><behaviors><behavior id="id930580" class="SpawnAction" enabled="true"><attributes><text id="name">Spawn Actor</text><text id="bundleName">Spawn.behavior</text><text id="prototypeKey">id763725</text><angle id="direction">0</angle><index id="directionSpace">1</index><real id="x"><expression><string xml:space="preserve">random(0,1)*480</string></expression></real><real id="y"><expression><string xml:space="preserve">random(0,1)*320</string></expression></real><index id="positionSpace">1</index><index id="layerOrder">0</index></attributes></behavior></behaviors></behavior></behaviors></actor><actor id="id349825" prototype="id298533"><attributes><point id="position"><real id="x">-161.921875</real><real id="y">265.2421875</real></point></attributes><aspects/></actor><actor id="id855834" prototype="id557050"><attributes><point id="position"><real id="x">-97.4296875</real><real id="y">277.25390625</real></point></attributes><aspects/></actor><actor id="id789993" prototype="id195054"><attributes><point id="position"><real id="x">397.318359375</real><real id="y">26.5546875</real></point><size id="size"><real id="width">141.88671875</real><real id="height">44.109375</real></size></attributes><aspects/><behaviors><behavior id="id765539" class="DisplayTextBehavior" enabled="true"><attributes><text id="name">Display Text</text><text id="bundleName">DisplayText.behavior</text><text id="text"><expression><reference keypath="game.attributes.id260713"/></expression></text><text id="font">Arial</text><real id="size">30</real><index id="alignment">1</index><boolean id="wrap">false</boolean><color id="color"><real id="red">1</real><real id="green">1</real><real id="blue">1</real><real id="alpha">1</real></color><real id="offsetx">0</real><real id="offsety">0</real><index id="space">0</index><index id="directionSpace">0</index><angle id="direction">0</angle></attributes></behavior></behaviors></actor></actors><attributes><text id="name">Background</text><boolean id="scrollable">true</boolean></attributes></layer></layers><attributes><text id="name">Level 1</text><real id="time">0</real><size id="size"><real id="width">480</real><real id="height">320</real></size><boolean id="wrapX">true</boolean><boolean id="wrapY">true</boolean><point id="gravity"><real id="x">0</real><real id="y">0</real></point><color id="color"><real id="red">0</real><real id="green">0</real><real id="blue">0</real><real id="alpha">1</real></color><rect id="camera"><point id="origin"><real id="x">0</real><real id="y">0</real></point><size id="size"><real id="width">480</real><real id="height">320</real></size><size id="trackingArea"><real id="width">400</real><real id="height">240</real></size><real id="rotation">0</real></rect><attributes id="autorotate"><boolean id="landscapeLeft">true</boolean><boolean id="portrait">false</boolean><boolean id="landscapeRight">false</boolean><boolean id="portraitUpsideDown">false</boolean></attributes></attributes></scene>
