<?xml version="1.0" encoding="UTF-8"?>
<actor PGFVersion="0.20" id="id317546" GSCVersion="0.11.0.13"><attributes><text id="name">ship</text><real id="time">0</real><point id="position"><real id="x">0</real><real id="y">0</real></point><size id="size"><real id="width">14</real><real id="height">25</real></size><angle id="rotation">0</angle><color id="color"><real id="red">1</real><real id="green">1</real><real id="blue">1</real><real id="alpha">1</real></color><image id="image">ship</image><text id="tags"></text><boolean id="preloadArt">true</boolean></attributes><behaviors><behavior enabled="true" id="id859277" class="RuleBehavior"><attributes><text id="name">Rotate Left</text><text id="bundleName">Rule.behavior</text><real id="compoundConditionKind">0</real></attributes><conditions><condition id="id971878" pluginPredicateTypeIndex="0" eventType="key"><attributes><index id="conditionType">0</index></attributes><predicate type="key"><attributes><text id="mode">down</text><text id="keyString">a</text></attributes></predicate></condition></conditions><behaviors><behavior id="id175497" class="RotateBehavior" enabled="true"><attributes><text id="name">Rotate</text><text id="bundleName">Rotate.behavior</text><real id="angularVelocity">300</real><index id="direction">1</index><boolean id="haltWhenBehaviorStops">true</boolean></attributes></behavior></behaviors><elseBehaviors/></behavior><behavior enabled="true" id="id597373" class="RuleBehavior"><attributes><text id="name">Rotate Right</text><text id="bundleName">Rule.behavior</text><real id="compoundConditionKind">0</real></attributes><conditions><condition id="id971878" pluginPredicateTypeIndex="0" eventType="key"><attributes><index id="conditionType">0</index></attributes><predicate type="key"><attributes><text id="mode">down</text><text id="keyString">d</text></attributes></predicate></condition></conditions><behaviors><behavior id="id175497" class="RotateBehavior" enabled="true"><attributes><text id="name">Rotate</text><text id="bundleName">Rotate.behavior</text><real id="angularVelocity">300</real><index id="direction">0</index><boolean id="haltWhenBehaviorStops">true</boolean></attributes></behavior></behaviors><elseBehaviors/></behavior><behavior enabled="true" id="id282433" class="RuleBehavior"><attributes><text id="name">Move</text><text id="bundleName">Rule.behavior</text><real id="compoundConditionKind">0</real></attributes><conditions><condition id="id595340" pluginPredicateTypeIndex="0" eventType="key"><attributes><index id="conditionType">0</index></attributes><predicate type="key"><attributes><text id="mode">down</text><text id="keyString">w</text></attributes></predicate></condition></conditions><behaviors><behavior id="id136894" class="AccelerateBehavior" enabled="true"><attributes><text id="name">Accelerate</text><text id="bundleName">Accelerate.behavior</text><angle id="direction">90</angle><index id="space">0</index><real id="acceleration">450</real></attributes></behavior><behavior id="id244597" class="ChangeImageAction" enabled="true"><attributes><text id="name">Change Image</text><text id="bundleName">ChangeImage.behavior</text><image id="image">shipmove</image></attributes></behavior></behaviors><elseBehaviors><behavior id="id675532" class="ChangeImageAction" enabled="true"><attributes><text id="name">Change Image</text><text id="bundleName">ChangeImage.behavior</text><image id="image">ship</image></attributes></behavior></elseBehaviors></behavior><behavior enabled="true" id="id426680" class="RuleBehavior"><attributes><text id="name">Rule</text><text id="bundleName">Rule.behavior</text><real id="compoundConditionKind">0</real></attributes><conditions><condition id="id876049" pluginPredicateTypeIndex="0" eventType="overlaps or collides"><attributes><index id="conditionType">0</index></attributes><predicate type="collision"><attributes><text id="prototypeKey">id317546</text><text id="actorTag">Things that Break Ship</text><real id="mode">1</real></attributes></predicate></condition></conditions><behaviors><behavior id="id606491" class="DestroyAction" enabled="true"><attributes><text id="name">Destroy</text><text id="bundleName">Destroy.behavior</text></attributes></behavior><behavior id="id968679" class="SpawnAction" enabled="true"><attributes><text id="name">Spawn Actor</text><text id="bundleName">Spawn.behavior</text><text id="prototypeKey">id729335</text><angle id="direction">72</angle><index id="directionSpace">0</index><real id="x">5</real><real id="y">8</real><index id="positionSpace">0</index><index id="layerOrder">0</index></attributes></behavior><behavior id="id818667" class="SpawnAction" enabled="true"><attributes><text id="name">Spawn Actor</text><text id="bundleName">Spawn.behavior</text><text id="prototypeKey">id729335</text><angle id="direction">144</angle><index id="directionSpace">0</index><real id="x">-8</real><real id="y">5</real><index id="positionSpace">0</index><index id="layerOrder">0</index></attributes></behavior><behavior id="id110701" class="SpawnAction" enabled="true"><attributes><text id="name">Spawn Actor</text><text id="bundleName">Spawn.behavior</text><text id="prototypeKey">id729335</text><angle id="direction">216</angle><index id="directionSpace">0</index><real id="x">-8</real><real id="y">-5</real><index id="positionSpace">0</index><index id="layerOrder">0</index></attributes></behavior><behavior id="id221223" class="SpawnAction" enabled="true"><attributes><text id="name">Spawn Actor</text><text id="bundleName">Spawn.behavior</text><text id="prototypeKey">id729335</text><angle id="direction">288</angle><index id="directionSpace">0</index><real id="x">5</real><real id="y">-8</real><index id="positionSpace">0</index><index id="layerOrder">0</index></attributes></behavior><behavior id="id690121" class="SpawnAction" enabled="true"><attributes><text id="name">Spawn Actor</text><text id="bundleName">Spawn.behavior</text><text id="prototypeKey">id729335</text><angle id="direction">0</angle><index id="directionSpace">0</index><real id="x">9</real><real id="y">0</real><index id="positionSpace">0</index><index id="layerOrder">0</index></attributes></behavior></behaviors><elseBehaviors/></behavior></behaviors><aspects><graphics><attributes><boolean id="visible">true</boolean><enumeration id="blendingMode">0</enumeration><enumeration id="horizontalWrap">0</enumeration><enumeration id="verticalWrap">0</enumeration><enumeration id="horizontalAnchor">0</enumeration><enumeration id="verticalAnchor">0</enumeration><boolean id="flipHorizontally">false</boolean><boolean id="flipVertically">false</boolean><integer id="tileWidth">14</integer><integer id="tileHeight">25</integer></attributes></graphics><motion><attributes><point id="linearVelocity"><real id="x">0</real><real id="y">0</real></point><real id="angularVelocity">0</real><real id="maxSpeed">600</real><boolean id="applyMaxSpeed">true</boolean></attributes></motion><physics><attributes><real id="density">1</real><real id="friction">3</real><real id="restitution">1</real><boolean id="fixedRotation">false</boolean><boolean id="movable">true</boolean><enumeration id="collisionShape">0</enumeration><real id="drag">100</real><real id="angularDrag">0</real></attributes></physics></aspects></actor>
