<?xml version="1.0" encoding="UTF-8"?>
<assets PGFVersion="0.20" GSCVersion="0.11.0.13"><sounds><sound name="explode1"><file premulAlpha="0" name="explode1.ogg" size="12979"/></sound><sound name="explode2"><file premulAlpha="0" name="explode2.ogg" size="13229"/></sound><sound name="explode3"><file premulAlpha="0" name="explode3.ogg" size="13944"/></sound><sound name="fire"><file premulAlpha="0" name="fire.ogg" size="6968"/></sound><sound name="sfire"><file premulAlpha="0" name="sfire.ogg" size="8451"/></sound><sound name="ssaucer"><file premulAlpha="0" name="ssaucer.ogg" size="5570"/></sound><sound name="lsaucer"><file premulAlpha="0" name="lsaucer.ogg" size="5953"/></sound><sound name="life"><file premulAlpha="0" name="life.ogg" size="16282"/></sound><sound name="thumphi"><file premulAlpha="0" name="thumphi.ogg" size="5775"/></sound><sound name="thrust"><file premulAlpha="0" name="thrust.ogg" size="5169"/></sound><sound name="thumplo"><file premulAlpha="0" name="thumplo.ogg" size="5584"/></sound></sounds><images><image name="big2"><file premulAlpha="0" name="big2.png" size="1860"/></image><image name="big1"><file premulAlpha="0" name="big1.png" size="1885"/></image><image name="big3"><file premulAlpha="0" name="big3.png" size="1758"/></image><image name="enemybig"><file premulAlpha="0" name="enemybig.png" size="626"/></image><image name="enemysm"><file premulAlpha="0" name="enemysm.png" size="445"/></image><image name="medium1"><file premulAlpha="0" name="medium1.png" size="958"/></image><image name="medium2"><file premulAlpha="0" name="medium2.png" size="902"/></image><image name="medium3"><file premulAlpha="0" name="medium3.png" size="1006"/></image><image name="ship"><file premulAlpha="0" name="ship.png" size="489"/></image><image name="shipmove"><file premulAlpha="0" name="shipmove.png" size="551"/></image><image name="small1"><file premulAlpha="0" name="small1.png" size="554"/></image><image name="small2"><file premulAlpha="0" name="small2.png" size="535"/></image><image name="small3"><file premulAlpha="0" name="small3.png" size="548"/></image></images><behaviors/></assets>
