<?xml version="1.0" encoding="UTF-8"?>
<game GSCVersion="0.11.0.13" PGFVersion="0.20" title="Asteriods"><resolutionIndependence>0</resolutionIndependence><instructions>Add game instructions here.</instructions><resolution>7</resolution><scenes><scene id="id269551" label="Level 1"/></scenes><longDescription>Asteriods</longDescription><prototypes><actor id="id317546"/><actor id="id929599"/><actor id="id557050"/><actor id="id298533"/><actor id="id763725"/><actor id="id485225"/><actor id="id948133"/><actor id="id881644"/><actor id="id399390"/><actor id="id385710"/><actor id="id753958"/><actor id="id806565"/><actor id="id729335"/><actor id="id195054"/><actor id="id780736"/></prototypes><plugins><attributes id="playhaven"/><attributes id="qqgamecenter"><boolean id="enabled">false</boolean></attributes></plugins><networkEnabled>0</networkEnabled><attributes><text id="name">default name</text><real id="time">0</real><size id="displaySize"><real id="width">480</real><real id="height">320</real></size><text id="actorTags">Medium Asteroids	Big asteriod 	Small Asteroids	Things that Break Ship</text><integer name="SCORE" id="id260713">0</integer></attributes></game>
